year_quarter,avg_resale_price,unemployment_rate,avg_tbill_yield,gdp_growth
2017-Q1,440669.853314,3.0,1.023333,4.6
2017-Q2,443563.626418,4.2,1.050000,3.6
2017-Q3,445364.309594,2.7,1.193333,5.2
2017-Q4,445241.993996,2.5,1.483333,4.4
2018-Q1,450316.963491,2.7,1.566667,4.6
2018-Q2,446455.099406,3.9,1.750000,4.7
2018-Q3,440501.562511,2.5,1.770000,3.1
2018-Q4,429740.702329,2.6,2.013333,1.5
2019-Q1,430809.252274,2.8,2.030000,1.6
2019-Q2,432379.388823,4.2,2.003333,1.4
2019-Q3,433151.859008,2.8,1.823333,0.7
2019-Q4,431910.468625,2.7,1.686667,1.6
2020-Q1,434483.570884,3.1,1.290000,1.3
2020-Q2,434848.311864,5.2,0.333333,-11.9
2020-Q3,448287.632504,4.3,0.300000,-4.2
2020-Q4,477662.607602,3.8,0.330000,-0.4
2021-Q1,490742.133741,3.5,0.366667,4.4
2021-Q2,508223.325243,4.6,0.350000,18.3
2021-Q3,516051.547156,3.2,0.350000,9.5
2021-Q4,528780.726310,2.7,0.483333,7.9
2022-Q1,532277.665214,2.7,0.810000,4.3
2022-Q2,549389.319560,3.6,1.910000,4.9
2022-Q3,558258.817864,2.8,2.993333,4.5
2022-Q4,558455.751288,2.4,3.916667,2.7
2023-Q1,559704.230518,2.3,3.843333,1.0
2023-Q2,572783.815401,3.4,3.596667,1.3
2023-Q3,576785.813282,2.8,3.730000,1.9
2023-Q4,578480.383762,2.4,3.770000,3.1
2024-Q1,591249.006445,2.6,3.466667,3.2
2024-Q2,603656.903001,3.3,3.573333,3.4
2024-Q3,621814.039175,2.5,3.190000,5.7
2024-Q4,634543.668246,2.5,2.753333,5.0
